{
  "rootnode": {
    "name": "scene.blend",
    "transformation": [
      1,
      0,
      0,
      0,
      0,
      1,
      0,
      0,
      0,
      0,
      1,
      0,
      0,
      0,
      0,
      1
    ],
    "children": [
      {
        "name": "Cube",
        "transformation": [
          1,
          0,
          0,
          0,
          0,
          1,
          0,
          0,
          0,
          0,
          1,
          0,
          0,
          0,
          0,
          1
        ],
        "meshes": [
          0
        ]
      }
    ]
  },
  "flags": 8,
  "meshes": [
    {
      "name": "Cube",
      "materialindex": 0,
      "primitivetypes": 4,
      "vertices": [
        -1.0,
        -1.0,
        -1.0,
        -1.0,
        -1.0,
        1.0,
        -1.0,
        1.0,
        1.0,
        -1.0,
        1.0,
        -1.0,
        1.0,
        1.0,
        1.0,
        1.0,
        1.0,
        -1.0,
        1.0,
        -1.0,
        1.0,
        1.0,
        -1.0,
        -1.0,
        -1.0,
        -1.0,
        1.0,
        -1.0,
        -1.0,
        -1.0,
        -1.0,
        1.0,
        -1.0,
        -1.0,
        -1.0,
        -1.0,
        -1.0,
        1.0,
        1.0,
        -1.0,
        -1.0,
        1.0
      ],
      "normals": [
        -0.5773502588272095,
        -0.5773502588272095,
        -0.5773502588272095,
        -0.5773502588272095,
        -0.5773502588272095,
        0.5773502588272095,
        -0.5773502588272095,
        0.5773502588272095,
        0.5773502588272095,
        -0.5773502588272095,
        0.5773502588272095,
        -0.5773502588272095,
        0.5773502588272095,
        0.5773502588272095,
        0.5773502588272095,
        0.5773502588272095,
        0.5773502588272095,
        -0.5773502588272095,
        0.5773502588272095,
        -0.5773502588272095,
        0.5773502588272095,
        0.5773502588272095,
        -0.5773502588272095,
        -0.5773502588272095,
        -0.5773502588272095,
        -0.5773502588272095,
        0.5773502588272095,
        -0.5773502588272095,
        -0.5773502588272095,
        -0.5773502588272095,
        -0.5773502588272095,
        0.5773502588272095,
        -0.5773502588272095,
        -0.5773502588272095,
        -0.5773502588272095,
        -0.5773502588272095,
        -0.5773502588272095,
        0.5773502588272095,
        0.5773502588272095,
        -0.5773502588272095,
        -0.5773502588272095,
        0.5773502588272095
      ],
      "texturecoords": [
        [
          -2.038059,
          1.012318,
          -2.038059,
          -0.012318,
          -1.02151,
          -0.012318,
          -1.021509,
          1.012318,
          -0.00496,
          -0.012318,
          -0.00496,
          1.012318,
          1.01159,
          -0.012318,
          1.01159,
          1.012318,
          2.028139,
          -0.012318,
          2.028139,
          1.012318,
          -0.00496,
          2.036953,
          1.01159,
          2.036953,
          -0.00496,
          -1.036954,
          1.01159,
          -1.036954
        ]
      ],
      "numuvcomponents": [
        2
      ],
      "faces": [
        [
          0,
          1,
          2
        ],
        [
          0,
          2,
          3
        ],
        [
          3,
          2,
          4
        ],
        [
          3,
          4,
          5
        ],
        [
          5,
          4,
          6
        ],
        [
          5,
          6,
          7
        ],
        [
          7,
          6,
          8
        ],
        [
          7,
          8,
          9
        ],
        [
          10,
          5,
          7
        ],
        [
          10,
          7,
          11
        ],
        [
          4,
          12,
          13
        ],
        [
          4,
          13,
          6
        ]
      ]
    }
  ],
  "materials": [
    {
      "properties": []
    }
  ]
}